,,,
,,称号名,獲得条件
1,1ページ目,,
2,,新入生,デフォルト称号
3,,,
4,,,
5,,I♥ラブライブ,
6,,,
7,,,
8,,,
9,,,
10,,,
11,,,
12,,,
13,,,
14,,,
15,,,
1,2ページ目,,
2,,,
3,,,
4,,,
5,,,
6,,,
7,,,
8,,,
9,,,
10,,,
11,,,
12,,,
13,,,
14,,,
15,,,
1,3ページ目,,
2,,,
3,,,
4,,,
5,,,
6,,,
7,,,
8,,,
9,,,
10,,,
11,,,
12,,,
13,,,
14,,,
15,,,
1,4ページ目,,
2,,,
3,,,
4,,,
5,,,
6,,,
7,,,
8,,,
9,,,
10,,,
11,,,
12,,,
13,,,
14,,,
15,,,
1,5ページ目,,
2,,,
3,,,
4,,,
5,,,
6,,,
7,,,
8,,,
9,,,
10,,,
11,,,
12,,,
13,,,
14,,,
15,,,
1,6ページ目,,
2,,,
3,,,
4,,,
5,,,
6,,,
7,,,
8,,,
9,,,
10,,,
11,,,
12,,,
13,,,
14,,,
15,,,
1,7ページ目,,
2,,,
3,,,
4,,,
5,,,
6,,,
7,,,
8,,,
9,,,
10,,,
11,,,
12,,,
13,,,
14,,,
15,,,
1,8ページ目,デビューシングル,『僕らのLIVE 君とのLIFE』を3回プレイ
2,,スクールアイドル,『僕らのLIVE 君とのLIFE』を25回プレイ
3,,1期第8話で流れたよ！,『僕らのLIVE 君とのLIFE』を75回プレイ
4,,前にぐんぐん！,『僕らのLIVE 君とのLIFE』を150回プレイ
5,,ここから始まる,『僕らのLIVE 君とのLIFE』を250回プレイ
6,,明日ってまぶしい！,『僕らのLIVE 君とのLIFE』を400回プレイ
7,,理屈じゃない気持ち！,『僕らのLIVE 君とのLIFE』を750回プレイ
8,,完敗からのスタート、か,『僕らのLIVE 君とのLIFE』を1000回プレイ
9,,2ndシングル,『Snow halation』を3回プレイ
10,,2期第9話で流れたよ！,『Snow halation』を25回プレイ
11,,第1回総選挙の結果は？,『Snow halation』を75回プレイ
12,,雪の中で,『Snow halation』を150回プレイ
13,,季節のときめき,『Snow halation』を250回プレイ
14,,切なさ命名,『Snow halation』を400回プレイ
15,,ためらわない勇気！,『Snow halation』を750回プレイ
1,9ページ目,投票してくれてありがと,『Snow halation』を1000回プレイ
2,,3rdシングル,"『夏色えがおで1,2,Jump!』を3回プレイ"
3,,レインボーブリッジ,"『夏色えがおで1,2,Jump!』を25回プレイ"
4,,第2回総選挙の結果は？,"『夏色えがおで1,2,Jump!』を75回プレイ"
5,,眩しい日差し！,"『夏色えがおで1,2,Jump!』を150回プレイ"
6,,ふわふわな雲の上,"『夏色えがおで1,2,Jump!』を250回プレイ"
7,,夏の翼で飛び出そう,"『夏色えがおで1,2,Jump!』を400回プレイ"
8,,一緒にジャンプ！,"『夏色えがおで1,2,Jump!』を750回プレイ"
9,,投票してくれて感謝よ！,"『夏色えがおで1,2,Jump!』を1000回プレイ"
10,,4thシングル,『もぎゅっと”love”で接近中！』を3回プレイ
11,,バレンタイン意識,『もぎゅっと”love”で接近中！』を25回プレイ
12,,第3回総選挙の結果は？,『もぎゅっと”love”で接近中！』を75回プレイ
13,,わたし、可愛い？,『もぎゅっと”love”で接近中！』を150回プレイ
14,,アドベンチャーなタイム,『もぎゅっと”love”で接近中！』を250回プレイ
15,,近距離ラブ型！,『もぎゅっと”love”で接近中！』を400回プレイ
1,10ページ目,ピュアジャスティス,『もぎゅっと”love”で接近中！』を750回プレイ
2,,ラヴなラッピング,『もぎゅっと”love”で接近中！』を1000回プレイ
3,,5thシングル,『Wonderful Rush』を3回プレイ
4,,忘れもの注意,『Wonderful Rush』を25回プレイ
5,,第4回総選挙の結果は？,『Wonderful Rush』を75回プレイ
6,,Dan Dan！！,『Wonderful Rush』を150回プレイ
7,,一生懸命だ！,『Wonderful Rush』を250回プレイ
8,,幸せラッシュ,『Wonderful Rush』を400回プレイ
9,,未来へのエアポート,『Wonderful Rush』を750回プレイ
10,,みんなぁ 投票ありがと,『Wonderful Rush』を1000回プレイ
11,,6thシングル,『Music S.T.A.R.T!!』を3回プレイ
12,,音ノ木坂学院通学セット,『Music S.T.A.R.T!!』を25回プレイ
13,,第5回総選挙の結果は？,『Music S.T.A.R.T!!』を75回プレイ
14,,Let's go！,『Music S.T.A.R.T!!』を150回プレイ
15,,パーティースタート！,『Music S.T.A.R.T!!』を250回プレイ
1,11ページ目,笑顔ミラクル！,『Music S.T.A.R.T!!』を400回プレイ
2,,無敵な気分！,『Music S.T.A.R.T!!』を750回プレイ
3,,ありがと･･･何でもないわ,『Music S.T.A.R.T!!』を1000回プレイ
4,,今しかない,『僕らは今のなかで』を3回プレイ
5,,2期第12話で流れたよ！,『僕らは今のなかで』を25回プレイ
6,,1期オープニング曲だよ！,『僕らは今のなかで』を75回プレイ
7,,ここから頂点へ！,『僕らは今のなかで』を150回プレイ
8,,好きな事いっぱいしよう,『僕らは今のなかで』を250回プレイ
9,,今を駆け抜けようっ,『僕らは今のなかで』を400回プレイ
10,,ラブライブアンコール,『僕らは今のなかで』を750回プレイ
11,,縁の下のヒフミトリオ,『僕らは今のなかで』を1000回プレイ
12,,きっと、隣は君,『きっと青春が聞こえる』を3回プレイ
13,,8つのバリエーション,『きっと青春が聞こえる』を25回プレイ
14,,1期エンディング曲ですね,『きっと青春が聞こえる』を75回プレイ
15,,音楽室での合唱,『きっと青春が聞こえる』を150回プレイ
1,12ページ目,マラカス振るにゃー,『きっと青春が聞こえる』を250回プレイ
2,,毎日笑顔で大丈夫,『きっと青春が聞こえる』を400回プレイ
3,,青春☆瞬間☆快感,『きっと青春が聞こえる』を750回プレイ
4,,初めてのトップテン入り,『きっと青春が聞こえる』を1000回プレイ
5,,大きな翼,『僕たちはひとつの光』を3回プレイ
6,,秘密のノート,『僕たちはひとつの光』を25回プレイ
7,,劇場版 主題歌,『僕たちはひとつの光』を75回プレイ
8,,花びらの中につつまれて,『僕たちはひとつの光』を150回プレイ
9,,ほのかな希望の星空,『僕たちはひとつの光』を250回プレイ
10,,笑顔で花咲く小鳥たち,『僕たちはひとつの光』を400回プレイ
11,,巻き戻せない描いた夢の海,『僕たちはひとつの光』を750回プレイ
12,,私たちの旅立ち,『僕たちはひとつの光』を1000回プレイ
13,,海外ライブ！,『Angelic Angel』を3回プレイ
14,,間違えたメモ,『Angelic Angel』を25回プレイ
15,,劇場版で歌った曲よ,『Angelic Angel』を75回プレイ
1,13ページ目,金の扇子の奇跡,『Angelic Angel』を150回プレイ
2,,最高のパフォーマンス,『Angelic Angel』を250回プレイ
3,,マイク･･･忘れた！？,『Angelic Angel』を400回プレイ
4,,恋に飯と書いて恋飯！,『Angelic Angel』を750回プレイ
5,,とってもステキなお姉さん,『Angelic Angel』を1000回プレイ
6,,歩行者天国,『SUNNY DAY SONG』を3回プレイ
7,,愛弗,『SUNNY DAY SONG』を25回プレイ
8,,劇場版で流れた曲だよ！,『SUNNY DAY SONG』を75回プレイ
9,,A-RISEも一緒に,『SUNNY DAY SONG』を150回プレイ
10,,スクールアイドルのため！,『SUNNY DAY SONG』を250回プレイ
11,,みんなで作るアイドル！,『SUNNY DAY SONG』を400回プレイ
12,,それってとってもすごい！,『SUNNY DAY SONG』を750回プレイ
13,,スクールアイドル愛！,『SUNNY DAY SONG』を1000回プレイ
14,,皆の勇気で、叶えよう、夢,『それは僕たちの奇跡』を3回プレイ
15,,体育館をデコレーション,『それは僕たちの奇跡』を25回プレイ
1,14ページ目,2期オープニング曲だよ！,『それは僕たちの奇跡』を75回プレイ
2,,まだまだ続くよ！,『それは僕たちの奇跡』を150回プレイ
3,,手を回そう！,『それは僕たちの奇跡』を250回プレイ
4,,負けない心,『それは僕たちの奇跡』を400回プレイ
5,,みんなの勇気,『それは僕たちの奇跡』を750回プレイ
6,,2014夢を叶えた大舞台,『それは僕たちの奇跡』を1000回プレイ
7,,屋上練習頑張ろう,『どんなときもずっと』を3回プレイ
8,,羽を掴むのは？,『どんなときもずっと』を25回プレイ
9,,2期エンディング曲ですね,『どんなときもずっと』を75回プレイ
10,,神田明神の階段で休憩♪,『どんなときもずっと』を150回プレイ
11,,マラカスは譲れないにゃー,『どんなときもずっと』を250回プレイ
12,,ゆっくりペース,『どんなときもずっと』を400回プレイ
13,,その後は全力！,『どんなときもずっと』を750回プレイ
14,,水で描いた「μ's」,『どんなときもずっと』を1000回プレイ
15,,6thシングルCP,『LOVELESS WORLD』を3回プレイ
1,15ページ目,爆発音の始まり,『LOVELESS WORLD』を25回プレイ
2,,オープンザドアー,『LOVELESS WORLD』を75回プレイ
3,,運命になんか弄ばれない,『LOVELESS WORLD』を150回プレイ
4,,消えない炎,『LOVELESS WORLD』を250回プレイ
5,,ディスティニー,『LOVELESS WORLD』を400回プレイ
6,,メモリーズ,『LOVELESS WORLD』を750回プレイ
7,,おしおき うっひっひっひ,『LOVELESS WORLD』を1000回プレイ
8,,2ndシングルCP,『baby maybe 恋のボタン』を3回プレイ
9,,ベイビー！,『baby maybe 恋のボタン』を25回プレイ
10,,メイビー！,『baby maybe 恋のボタン』を75回プレイ
11,,恋のボタン,『baby maybe 恋のボタン』を150回プレイ
12,,近くの吐息,『baby maybe 恋のボタン』を250回プレイ
13,,途切れた会話,『baby maybe 恋のボタン』を400回プレイ
14,,ボタンをぽちり,『baby maybe 恋のボタン』を750回プレイ
15,,隠れた人気とは言わせない,『baby maybe 恋のボタン』を1000回プレイ
1,16ページ目,3rdシングルCP,『Mermaid festa vol.1』を3回プレイ
2,,夕暮れでの黄昏,『Mermaid festa vol.1』を25回プレイ
3,,続きがあるわよ,『Mermaid festa vol.1』を75回プレイ
4,,マーメイド,『Mermaid festa vol.1』を150回プレイ
5,,夏フェス,『Mermaid festa vol.1』を250回プレイ
6,,月の光と海の光,『Mermaid festa vol.1』を400回プレイ
7,,さよなら,『Mermaid festa vol.1』を750回プレイ
8,,情熱のローレライ伝説,『Mermaid festa vol.1』を1000回プレイ
9,,和風,『輝夜の城で踊りたい』を3回プレイ
10,,着物大好き,『輝夜の城で踊りたい』を25回プレイ
11,,センスがある扇子,『輝夜の城で踊りたい』を75回プレイ
12,,輝夜の城,『輝夜の城で踊りたい』を150回プレイ
13,,白月騎士,『輝夜の城で踊りたい』を250回プレイ
14,,黒月騎士,『輝夜の城で踊りたい』を400回プレイ
15,,紅薔薇姫,『輝夜の城で踊りたい』を750回プレイ
1,17ページ目,いいの？,『輝夜の城で踊りたい』を1000回プレイ
2,,ポンポンを振ろう♪,『タカラモノズ』を3回プレイ
3,,こっそりピース,『タカラモノズ』を25回プレイ
4,,スクフェスコラボシングル,『タカラモノズ』を75回プレイ
5,,トレインー♪,『タカラモノズ』を150回プレイ
6,,さぁ、レッツゴー♪,『タカラモノズ』を250回プレイ
7,,あふれる笑顔,『タカラモノズ』を400回プレイ
8,,みんなの夢,『タカラモノズ』を750回プレイ
9,,100万人突破記念,『タカラモノズ』を1000回プレイ
10,,ミニユニットなのよ,『ラブノベルス』を3回プレイ
11,,ミニユニットでしょ,『ラブノベルス』を25回プレイ
12,,ミニユニットだわ,『ラブノベルス』を75回プレイ
13,,天才的にぶさ,『ラブノベルス』を150回プレイ
14,,あれっ？,『ラブノベルス』を250回プレイ
15,,りょうかい！,『ラブノベルス』を400回プレイ
1,18ページ目,ねばーぎぶあっぷ,『ラブノベルス』を750回プレイ
2,,華やかモデル系ユニット,『ラブノベルス』を1000回プレイ
3,,ミニユニットやん,『知らないLove*教えてLove』を3回プレイ
4,,ミニユニットだにゃー,『知らないLove*教えてLove』を25回プレイ
5,,ミニユニットです！,『知らないLove*教えてLove』を75回プレイ
6,,風が吹く時,『知らないLove*教えてLove』を150回プレイ
7,,数えた足音,『知らないLove*教えてLove』を250回プレイ
8,,泣きたくなる胸騒ぎ,『知らないLove*教えてLove』を400回プレイ
9,,未熟でCRY,『知らないLove*教えてLove』を750回プレイ
10,,天然＆元気系ユニット,『知らないLove*教えてLove』を1000回プレイ
11,,ミニユニットだね〜,『sweet&sweet holiday』を3回プレイ
12,,ミニユニットだよ〜,『sweet&sweet holiday』を25回プレイ
13,,ミニユニットだもん,『sweet&sweet holiday』を75回プレイ
14,,甘い甘い休日,『sweet&sweet holiday』を150回プレイ
15,,チョコレート！,『sweet&sweet holiday』を250回プレイ
1,19ページ目,カラフルマカロン！,『sweet&sweet holiday』を400回プレイ
2,,ナンだナンだか,『sweet&sweet holiday』を750回プレイ
3,,王道乙女系ユニット,『sweet&sweet holiday』を1000回プレイ
4,,凛ちゃん歌おうよ！,『Mermaid festa vol.2 〜Passionate〜』を3回プレイ
5,,デュエットだって！,『Mermaid festa vol.2 〜Passionate〜』を25回プレイ
6,,デュエットだにゃー！,『Mermaid festa vol.2 〜Passionate〜』を75回プレイ
7,,全快ジャンプ！,『Mermaid festa vol.2 〜Passionate〜』を150回プレイ
8,,フルーツいっぱい！,『Mermaid festa vol.2 〜Passionate〜』を250回プレイ
9,,フルーツ食らっと！,『Mermaid festa vol.2 〜Passionate〜』を400回プレイ
10,,フルーツ収穫祭,『Mermaid festa vol.2 〜Passionate〜』を750回プレイ
11,,穂乃果ちゃん歌うにゃ！,『Mermaid festa vol.2 〜Passionate〜』を1000回プレイ
12,,希！歌うわよー！,『乙女式れんあい塾』を3回プレイ
13,,デュエットなのよ！,『乙女式れんあい塾』を25回プレイ
14,,デュエットやーん,『乙女式れんあい塾』を75回プレイ
15,,乙女式はどんな式,『乙女式れんあい塾』を150回プレイ
1,20ページ目,乙女のじょーだん,『乙女式れんあい塾』を250回プレイ
2,,キミのシンケン,『乙女式れんあい塾』を400回プレイ
3,,じょーだんとシンケン,『乙女式れんあい塾』を750回プレイ
4,,にこっち歌うかねー,『乙女式れんあい塾』を1000回プレイ
5,,花陽ちゃん、歌おっか,『告白日和、です！』を3回プレイ
6,,デュエットだよ～,『告白日和、です！』を25回プレイ
7,,デュエットなんです,『告白日和、です！』を75回プレイ
8,,告白日和,『告白日和、です！』を150回プレイ
9,,ときめきダンス,『告白日和、です！』を250回プレイ
10,,ひとつだけ質問,『告白日和、です！』を400回プレイ
11,,私から大好き！,『告白日和、です！』を750回プレイ
12,,ことりちゃん歌いましょー,『告白日和、です！』を1000回プレイ
13,,トリオ曲っていうの,『soldier game』を3回プレイ
14,,トリオ曲ですね,『soldier game』を25回プレイ
15,,トリオ曲よね,『soldier game』を75回プレイ
1,21ページ目,"3,2,1,0！！",『soldier game』を150回プレイ
2,,LOVEカウントダウン,『soldier game』を250回プレイ
3,,意識高く生きましょう,『soldier game』を400回プレイ
4,,君には負けないから,『soldier game』を750回プレイ
5,,クール＆ビューティー,『soldier game』を1000回プレイ
6,,2回目のラブライブ予選,『ユメノトビラ』を3回プレイ
7,,予選応募曲,『ユメノトビラ』を25回プレイ
8,,2期第3話で流れたよ！,『ユメノトビラ』を75回プレイ
9,,後世まで語り継がれる,『ユメノトビラ』を150回プレイ
10,,チャンス！,『ユメノトビラ』を250回プレイ
11,,探し続けたきっかけ,『ユメノトビラ』を400回プレイ
12,,予感の流星,『ユメノトビラ』を750回プレイ
13,,希望の行方 幾千の歌,『ユメノトビラ』を1000回プレイ
14,,,
15,,,
1,22ページ目,,
2,,,
3,,,
4,,,
5,,,
6,,,
7,,へんしーん！,『Love wing bell』を3回プレイ
8,,しゃぁぁぁぁ！！,『Love wing bell』を25回プレイ
9,,2期第5話で流れたにゃ！,『Love wing bell』を75回プレイ
10,,おおきなリボンをつけて,『Love wing bell』を150回プレイ
11,,野生のちんすこう探し,『Love wing bell』を250回プレイ
12,,あこがれの瞬間,『Love wing bell』を400回プレイ
13,,今日も練習！いっくにゃ～,『Love wing bell』を750回プレイ
14,,大成功にゃ（三＞ω＜三）,『Love wing bell』を1000回プレイ
15,,おっはよー！,『WAO-WAO Powerful day!』を3回プレイ
1,23ページ目,おはよぉ～,『WAO-WAO Powerful day!』を25回プレイ
2,,おはようー,『WAO-WAO Powerful day!』を75回プレイ
3,,時間が全然たりないよ,『WAO-WAO Powerful day!』を150回プレイ
4,,レッツゴー！,『WAO-WAO Powerful day!』を250回プレイ
5,,欲張りさん,『WAO-WAO Powerful day!』を400回プレイ
6,,急がばまわってジャンプ！,『WAO-WAO Powerful day!』を750回プレイ
7,,だってぷらんたんだもん,『WAO-WAO Powerful day!』を1000回プレイ
8,,はじまるにゃー？,『春情ロマンティック』を3回プレイ
9,,はじまりです？,『春情ロマンティック』を25回プレイ
10,,はじまるのん？,『春情ロマンティック』を75回プレイ
11,,春の香りに誘われて,『春情ロマンティック』を150回プレイ
12,,ちょっとふいに,『春情ロマンティック』を250回プレイ
13,,ひらひらどきどき,『春情ロマンティック』を400回プレイ
14,,ロマンティック,『春情ロマンティック』を750回プレイ
15,,夢みてりりほわ！,『春情ロマンティック』を1000回プレイ
1,24ページ目,正しなさい！（にこ）,『PSYCHIC FIRE』を3回プレイ
2,,正しなさい！（真姫）,『PSYCHIC FIRE』を25回プレイ
3,,正しなさい！（絵里）,『PSYCHIC FIRE』を75回プレイ
4,,国籍も年齢も分からない,『PSYCHIC FIRE』を150回プレイ
5,,ギャンブラーです！,『PSYCHIC FIRE』を250回プレイ
6,,ジャグラーです！,『PSYCHIC FIRE』を400回プレイ
7,,サイキッカーです！,『PSYCHIC FIRE』を750回プレイ
8,,体はBiBiBiBi！,『PSYCHIC FIRE』を1000回プレイ
9,,,
10,,,
11,,,
12,,,
13,,,
14,,,
15,,,
1,25ページ目,,
2,,手作りPV,『これからのSomeday』を3回プレイ
3,,リーダーはだれ？,『これからのSomeday』を25回プレイ
4,,1期第6話で流れたよ！,『これからのSomeday』を75回プレイ
5,,地図なんてなくても平気,『これからのSomeday』を150回プレイ
6,,実はSは大文字,『これからのSomeday』を250回プレイ
7,,不思議の国,『これからのSomeday』を400回プレイ
8,,つまずいたら笑って！,『これからのSomeday』を750回プレイ
9,,7人でも頑張るよ！,『これからのSomeday』を1000回プレイ
10,,可能性→,『ススメ→トゥモロウ』を3回プレイ
11,,進めGO→,『ススメ→トゥモロウ』を25回プレイ
12,,1期第1話で流れたよ！,『ススメ→トゥモロウ』を75回プレイ
13,,アネモネ→髪飾り,『ススメ→トゥモロウ』を150回プレイ
14,,薄れゆく希望→,『ススメ→トゥモロウ』を250回プレイ
15,,桜花道を歩こう,『ススメ→トゥモロウ』を400回プレイ
1,26ページ目,無邪気→,『ススメ→トゥモロウ』を750回プレイ
2,,劇中歌→劇中歌,『ススメ→トゥモロウ』を1000回プレイ
3,,そろそろ慣れた？,フィナーレモード5回突入
4,,後でコンビニ行こう,フィナーレモード15回突入
5,,自販機探してます,フィナーレモード25回突入
6,,アイス食べたい,フィナーレモード35回突入
7,,寝る前に歯磨き,フィナーレモード70回突入
8,,3歩進んで4歩下がる,フィナーレモード90回突入
9,,隣になったらよろしく,フィナーレモード125回突入
10,,スマホどこ置いたかな？,フィナーレモード175回突入
11,,駅から来ました,フィナーレモード225回突入
12,,修学旅行は海外,フィナーレモード250回突入
13,,隣のお店が気になるよ,フィナーレモード450回突入
14,,ショップはどこですか？,フィナーレモード800回突入
15,,自転車乗ってます,フィナーレモード900回突入
1,27ページ目,学校帰りです,フィナーレモード1000回突入
2,,本当は仕事中です,フィナーレモード1250回突入
3,,あと1回だけ遊ばせて,フィナーレモード????回突入
4,,,
5,,,
6,,,
7,,,
8,,,
9,,,
10,,,
11,,,
12,,,
13,,,
14,,,
15,,,
1,28ページ目,,
2,,,
3,,初めてのライブハウス,『ステージ・オブ・ライブ』でライブを20回行う
4,,ライブハウスのお客さん,『ステージ・オブ・ライブ』でライブを50回行う
5,,ライブハウスの常連さん,『ステージ・オブ・ライブ』でライブを100回行う
6,,ライブハウスの会員さん,『ステージ・オブ・ライブ』でライブを200回行う
7,,ライブハウスの超常連さん,『ステージ・オブ・ライブ』でライブを250回行う
8,,ライブハウスの特別会員,『ステージ・オブ・ライブ』でライブを300回行う
9,,ライブハウススタッフ,『ステージ・オブ・ライブ』でライブを500回行う
10,,ライブハウスマネージャー,『ステージ・オブ・ライブ』でライブを750回行う
11,,ライブハウス支配人,『ステージ・オブ・ライブ』でライブを1000回行う
12,,ライブハウスオーナー,『ステージ・オブ・ライブ』でライブを1250回行う
13,,ライブハウスレジェンド,『ステージ・オブ・ライブ』でライブを1500回行う
14,,,
15,,,
1,29ページ目,,
2,,,
3,,,
4,,,
5,,,
6,,初めての体育館ライブ,『学院体育館』でライブを20回行う
7,,体育館のお客さん,『学院体育館』でライブを50回行う
8,,体育館の常連さん,『学院体育館』でライブを100回行う
9,,体育館の会員さん,『学院体育館』でライブを200回行う
10,,体育館の超常連さん,『学院体育館』でライブを250回行う
11,,体育館の特別会員,『学院体育館』でライブを300回行う
12,,体育館スタッフ,『学院体育館』でライブを500回行う
13,,,『学院体育館』でライブを750回行う
14,,,『学院体育館』でライブを1000回行う
15,,,『学院体育館』でライブを1250回行う
1,30ページ目,,『学院体育館』でライブを1500回行う
2,,,
3,,,
4,,,
5,,,
6,,,
7,,,
8,,,
9,,初めてのビーチでライブ,『ビーチ』でライブを20回行う
10,,ビーチのお客さん,『ビーチ』でライブを50回行う
11,,ビーチの常連さん,『ビーチ』でライブを100回行う
12,,ビーチの会員さん,『ビーチ』でライブを200回行う
13,,ビーチの超常連さん,『ビーチ』でライブを250回行う
14,,ビーチの特別会員,『ビーチ』でライブを300回行う
15,,ビーチスタッフ,『ビーチ』でライブを500回行う
1,31ページ目,,『ビーチ』でライブを750回行う
2,,,『ビーチ』でライブを1000回行う
3,,,『ビーチ』でライブを1250回行う
4,,,『ビーチ』でライブを1500回行う
5,,,
6,,,
7,,,
8,,,
9,,,
10,,,
11,,,
12,,初めてのほこ天ライブ,『歩行者天国』でライブを20回行う
13,,ほこ天のお客さん,『歩行者天国』でライブを50回行う
14,,ほこ天の常連さん,『歩行者天国』でライブを100回行う
15,,ほこ天の会員さん,『歩行者天国』でライブを200回行う
1,32ページ目,ほこ天の超常連さん,『歩行者天国』でライブを250回行う
2,,ほこ天の特別会員,『歩行者天国』でライブを300回行う
3,,,『歩行者天国』でライブを500回行う
4,,,『歩行者天国』でライブを750回行う
5,,,『歩行者天国』でライブを1000回行う
6,,,『歩行者天国』でライブを1250回行う
7,,,『歩行者天国』でライブを1500回行う
8,,,
9,,,
10,,,
11,,,
12,,,
13,,,
14,,,
15,,初めての野外ライブ,『野外アリーナ』でライブを20回行う
1,33ページ目,野外会場のお客さん,『野外アリーナ』でライブを50回行う
2,,野外会場の常連さん,『野外アリーナ』でライブを100回行う
3,,野外会場の会員さん,『野外アリーナ』でライブを200回行う
4,,野外会場の超常連さん,『野外アリーナ』でライブを250回行う
5,,野外会場の特別会員,『野外アリーナ』でライブを300回行う
6,,,『野外アリーナ』でライブを500回行う
7,,,『野外アリーナ』でライブを750回行う
8,,,『野外アリーナ』でライブを1000回行う
9,,,『野外アリーナ』でライブを1250回行う
10,,,『野外アリーナ』でライブを1500回行う
11,,,
12,,,
13,,,
14,,,
15,,,
1,34ページ目,,
2,,,
3,,初めてのN&Lライブ,『ナイトアンドライト』でライブを20回行う
4,,N&Lのお客さん,『ナイトアンドライト』でライブを50回行う
5,,N&Lの常連さん,『ナイトアンドライト』でライブを100回行う
6,,N&Lの会員さん,『ナイトアンドライト』でライブを200回行う
7,,N&Lの超常連さん,『ナイトアンドライト』でライブを250回行う
8,,N&Lの特別会員,『ナイトアンドライト』でライブを300回行う
9,,N&Lスタッフ,『ナイトアンドライト』でライブを500回行う
10,,N&Lマネージャー,『ナイトアンドライト』でライブを750回行う
11,,N&L支配人,『ナイトアンドライト』でライブを1000回行う
12,,N&Lオーナー,『ナイトアンドライト』でライブを1250回行う
13,,N&Lレジェンド,『ナイトアンドライト』でライブを1500回行う
14,,,
15,,,
1,35ページ目,,
2,,,
3,,,
4,,,
5,,,
6,,初めての芝生公園ライブ,『芝生公園』でライブを20回行う
7,,芝生公園のお客さん,『芝生公園』でライブを50回行う
8,,芝生公園の常連さん,『芝生公園』でライブを100回行う
9,,芝生公園の会員さん,『芝生公園』でライブを200回行う
10,,芝生公園の超常連さん,『芝生公園』でライブを250回行う
11,,芝生公園の特別会員,『芝生公園』でライブを300回行う
12,,,『芝生公園』でライブを500回行う
13,,,『芝生公園』でライブを750回行う
14,,,『芝生公園』でライブを1000回行う
15,,,『芝生公園』でライブを1250回行う
1,36ページ目,,『芝生公園』でライブを1500回行う
2,,,
3,,,
4,,,
5,,,
6,,,
7,,,
8,,,
9,,,
10,,,
11,,,
12,,,
13,,,
14,,,
15,,,
1,37ページ目,,
2,,,
3,,,
4,,,
5,,,
6,,,
7,,,
8,,,
9,,,
10,,,
11,,,
12,,初めての劇場ライブ,『ブロードウェイ』でライブを20回行う
13,,劇場のお客さん,『ブロードウェイ』でライブを50回行う
14,,劇場の常連さん,『ブロードウェイ』でライブを100回行う
15,,劇場の会員さん,『ブロードウェイ』でライブを200回行う
1,38ページ目,劇場の超常連さん,『ブロードウェイ』でライブを250回行う
2,,劇場の特別会員,『ブロードウェイ』でライブを300回行う
3,,劇場スタッフ,『ブロードウェイ』でライブを500回行う
4,,,『ブロードウェイ』でライブを750回行う
5,,,『ブロードウェイ』でライブを1000回行う
6,,,『ブロードウェイ』でライブを1250回行う
7,,,『ブロードウェイ』でライブを1500回行う
8,,,
9,,,
10,,,
11,,,
12,,,
13,,,
14,,,
15,,,
1,39ページ目,,
2,,,
3,,,
4,,,
5,,,
6,,,
7,,,
8,,,
9,,,
10,,,
11,,,
12,,,
13,,,
14,,,
15,,,
1,40ページ目,,
2,,,
3,,,
4,,,
5,,,
6,,,
7,,,
8,,,
9,,,
10,,,
11,,,
12,,,
13,,,
14,,,
15,,,
1,41ページ目,,
2,,,
3,,,
4,,,
5,,,
6,,アシスト組,アシストスキルを90回発動する
7,,幼稚園年少さんアシスト組,アシストスキルを150回発動する
8,,幼稚園年中さんアシスト組,アシストスキルを210回発動する
9,,幼稚園年長さんアシスト組,アシストスキルを240回発動する
10,,初等部1年生アシスト組,アシストスキルを270回発動する
11,,初等部2年生アシスト組,アシストスキルを500回発動する
12,,初等部3年生アシスト組,アシストスキルを600回発動する
13,,初等部4年生アシスト組,アシストスキルを700回発動する
14,,初等部5年生アシスト組,アシストスキルを800回発動する
15,,初等部6年生アシスト組,アシストスキルを1000回発動する
1,42ページ目,中等部1年生アシスト組,アシストスキルを1100回発動する
2,,中等部2年生アシスト組,アシストスキルを2000回発動する
3,,中等部3年生アシスト組,アシストスキルを3000回発動する
4,,高等部1年生アシスト組,アシストスキルを????回発動する
5,,,
6,,,
7,,,
8,,,
9,,,
10,,,
11,,,
12,,,
13,,,
14,,,
15,,,
1,43ページ目,,
2,,,
3,,,
4,,,
5,,カメラ組,カメラスキルを90回発動する
6,,幼稚園年少さんカメラ組,カメラスキルを150回発動する
7,,幼稚園年中さんカメラ組,カメラスキルを210回発動する
8,,幼稚園年長さんカメラ組,カメラスキルを240回発動する
9,,初等部1年生カメラ組,カメラスキルを270回発動する
10,,初等部2年生カメラ組,カメラスキルを500回発動する
11,,初等部3年生カメラ組,カメラスキルを600回発動する
12,,初等部4年生カメラ組,カメラスキルを700回発動する
13,,初等部5年生カメラ組,カメラスキルを800回発動する
14,,初等部6年生カメラ組,カメラスキルを1000回発動する
15,,中等部1年生カメラ組,カメラスキルを1100回発動する
1,44ページ目,中等部2年生カメラ組,カメラスキルを2000回発動する
2,,中等部3年生カメラ組,カメラスキルを3000回発動する
3,,高等部1年生カメラ組,カメラスキルを????回発動する
4,,,
5,,,
6,,,
7,,,
8,,,
9,,,
10,,,
11,,,
12,,,
13,,,
14,,,
15,,,
1,45ページ目,,
2,,,
3,,,
4,,舞台組,ステージスキルを90回発動する
5,,幼稚園年少さん舞台組,ステージスキルを150回発動する
6,,幼稚園年中さん舞台組,ステージスキルを210回発動する
7,,幼稚園年長さん舞台組,ステージスキルを240回発動する
8,,初等部1年生舞台組,ステージスキルを270回発動する
9,,初等部2年生舞台組,ステージスキルを500回発動する
10,,初等部3年生舞台組,ステージスキルを600回発動する
11,,初等部4年生舞台組,ステージスキルを700回発動する
12,,初等部5年生舞台組,ステージスキルを800回発動する
13,,初等部6年生舞台組,ステージスキルを1000回発動する
14,,中等部1年生舞台組,ステージスキルを1100回発動する
15,,中等部2年生舞台組,ステージスキルを2000回発動する
1,46ページ目,中等部3年生舞台組,ステージスキルを3000回発動する
2,,高等部1年生舞台組,ステージスキルを????回発動する
3,,,
4,,,
5,,,
6,,,
7,,,
8,,,
9,,,
10,,,
11,,,
12,,,
13,,,
14,,,
15,,,
1,47ページ目,,
2,,,
3,,ソロコンボ入門,100コンボ達成
4,,ソロコンボ五級,200コンボ達成
5,,ソロコンボ四級,300コンボ達成
6,,ソロコンボ三級,400コンボ達成
7,,ソロコンボ二級,500コンボ達成
8,,ソロコンボ一級,550コンボ達成
9,,ソロコンボ初段,600コンボ達成
10,,ソロコンボ二段,650コンボ達成
11,,ソロコンボ三段,700コンボ達成
12,,ソロコンボ四段,750コンボ達成
13,,ソロコンボ五段,800コンボ達成
14,,ソロコンボ六段,850コンボ達成
15,,ソロコンボ七段,900コンボ達成
1,48ページ目,ソロコンボマスター,925コンボ達成
2,,,
3,,穂乃果推し☆初心者,『高坂穂乃果』のメイン使用回数30回
4,,穂乃果推し☆初級,『高坂穂乃果』のメイン使用回数50回
5,,穂乃果推し☆9級,『高坂穂乃果』のメイン使用回数110回
6,,穂乃果推し☆8級,『高坂穂乃果』のメイン使用回数130回
7,,穂乃果推し☆7級,『高坂穂乃果』のメイン使用回数150回
8,,穂乃果推し☆6級,『高坂穂乃果』のメイン使用回数280回
9,,穂乃果推し☆5級,『高坂穂乃果』のメイン使用回数340回
10,,穂乃果推し☆4級,『高坂穂乃果』のメイン使用回数400回
11,,穂乃果推し☆3級,『高坂穂乃果』のメイン使用回数500回
12,,穂乃果推し☆2級,『高坂穂乃果』のメイン使用回数600回
13,,穂乃果推し☆準1級,『高坂穂乃果』のメイン使用回数650回
14,,穂乃果推し☆1級,『高坂穂乃果』のメイン使用回数1000回
15,,穂乃果推し☆準初段,『高坂穂乃果』のメイン使用回数2100回
1,49ページ目,穂乃果推し☆初段,『高坂穂乃果』のメイン使用回数2400回
2,,穂乃果推し☆2段,『高坂穂乃果』のメイン使用回数2700回
3,,穂乃果推し☆3段,『高坂穂乃果』のメイン使用回数3000回
4,,穂乃果推し☆4段,『高坂穂乃果』のメイン使用回数4000回
5,,穂乃果推し☆5段,
6,,穂乃果推し☆6段,
7,,穂乃果推し☆7段,
8,,穂乃果推し☆8段,
9,,穂乃果推し☆9段,
10,,穂乃果推し★準師範格,
11,,穂乃果推し★準師範,
12,,穂乃果推し★師範格,
13,,穂乃果推し★師範,
14,,穂乃果推し★大師範,
15,,穂乃果推し★超人,
1,50ページ目,穂乃果推し★仙人,
2,,穂乃果推し★神様,
3,,絵里推し☆初心者,『絢瀬絵里』のメイン使用回数30回
4,,絵里推し☆初級,『絢瀬絵里』のメイン使用回数50回
5,,絵里推し☆9級,『絢瀬絵里』のメイン使用回数110回
6,,絵里推し☆8級,『絢瀬絵里』のメイン使用回数130回
7,,絵里推し☆7級,『絢瀬絵里』のメイン使用回数150回
8,,絵里推し☆6級,『絢瀬絵里』のメイン使用回数280回
9,,絵里推し☆5級,『絢瀬絵里』のメイン使用回数340回
10,,絵里推し☆4級,『絢瀬絵里』のメイン使用回数400回
11,,絵里推し☆3級,『絢瀬絵里』のメイン使用回数500回
12,,絵里推し☆2級,『絢瀬絵里』のメイン使用回数600回
13,,絵里推し☆準1級,『絢瀬絵里』のメイン使用回数650回
14,,絵里推し☆1級,『絢瀬絵里』のメイン使用回数1000回
15,,絵里推し☆準初段,『絢瀬絵里』のメイン使用回数2100回
1,51ページ目,絵里推し☆初段,『絢瀬絵里』のメイン使用回数2400回
2,,絵里推し☆2段,『絢瀬絵里』のメイン使用回数2700回
3,,絵里推し☆3段,『絢瀬絵里』のメイン使用回数3000回
4,,絵里推し☆4段,『絢瀬絵里』のメイン使用回数4000回
5,,,
6,,,
7,,,
8,,,
9,,,
10,,,
11,,,
12,,,
13,,,
14,,,
15,,,
1,52ページ目,,
2,,,
3,,ことり推し☆初心者,『南ことり』のメイン使用回数30回
4,,ことり推し☆初級,『南ことり』のメイン使用回数50回
5,,ことり推し☆9級,『南ことり』のメイン使用回数110回
6,,ことり推し☆8級,『南ことり』のメイン使用回数130回
7,,ことり推し☆7級,『南ことり』のメイン使用回数150回
8,,ことり推し☆6級,『南ことり』のメイン使用回数280回
9,,ことり推し☆5級,『南ことり』のメイン使用回数340回
10,,ことり推し☆4級,『南ことり』のメイン使用回数400回
11,,ことり推し☆3級,『南ことり』のメイン使用回数500回
12,,ことり推し☆2級,『南ことり』のメイン使用回数600回
13,,ことり推し☆準1級,『南ことり』のメイン使用回数650回
14,,ことり推し☆1級,『南ことり』のメイン使用回数1000回
15,,ことり推し☆準初段,『南ことり』のメイン使用回数2100回
1,53ページ目,ことり推し☆初段,『南ことり』のメイン使用回数2400回
2,,ことり推し☆2段,『南ことり』のメイン使用回数2700回
3,,ことり推し☆3段,『南ことり』のメイン使用回数3000回
4,,ことり推し☆4段,『南ことり』のメイン使用回数4000回
5,,,
6,,,
7,,,
8,,,
9,,,
10,,,
11,,,
12,,,
13,,,
14,,,
15,,,
1,54ページ目,,
2,,,
3,,海未推し☆初心者,『園田海未』のメイン使用回数30回
4,,海未推し☆初級,『園田海未』のメイン使用回数50回
5,,海未推し☆9級,『園田海未』のメイン使用回数110回
6,,海未推し☆8級,『園田海未』のメイン使用回数130回
7,,海未推し☆7級,『園田海未』のメイン使用回数150回
8,,海未推し☆6級,『園田海未』のメイン使用回数280回
9,,海未推し☆5級,『園田海未』のメイン使用回数340回
10,,海未推し☆4級,『園田海未』のメイン使用回数400回
11,,海未推し☆3級,『園田海未』のメイン使用回数500回
12,,海未推し☆2級,『園田海未』のメイン使用回数600回
13,,海未推し☆準1級,『園田海未』のメイン使用回数650回
14,,海未推し☆1級,『園田海未』のメイン使用回数1000回
15,,海未推し☆準初段,『園田海未』のメイン使用回数2100回
1,55ページ目,海未推し☆初段,『園田海未』のメイン使用回数2400回
2,,海未推し☆2段,『園田海未』のメイン使用回数2700回
3,,海未推し☆3段,『園田海未』のメイン使用回数3000回
4,,海未推し☆4段,『園田海未』のメイン使用回数4000回
5,,,
6,,,
7,,,
8,,,
9,,,
10,,,
11,,,
12,,,
13,,,
14,,,
15,,,
1,56ページ目,,
2,,,
3,,凛推し☆初心者,『星空凛』のメイン使用回数30回
4,,凛推し☆初級,『星空凛』のメイン使用回数50回
5,,凛推し☆9級,『星空凛』のメイン使用回数110回
6,,凛推し☆8級,『星空凛』のメイン使用回数130回
7,,凛推し☆7級,『星空凛』のメイン使用回数150回
8,,凛推し☆6級,『星空凛』のメイン使用回数280回
9,,凛推し☆5級,『星空凛』のメイン使用回数340回
10,,凛推し☆4級,『星空凛』のメイン使用回数400回
11,,凛推し☆3級,『星空凛』のメイン使用回数500回
12,,凛推し☆2級,『星空凛』のメイン使用回数600回
13,,凛推し☆準1級,『星空凛』のメイン使用回数650回
14,,凛推し☆1級,『星空凛』のメイン使用回数1000回
15,,凛推し☆準初段,『星空凛』のメイン使用回数2100回
1,57ページ目,凛推し☆初段,『星空凛』のメイン使用回数2400回
2,,凛推し☆2段,『星空凛』のメイン使用回数2700回
3,,凛推し☆3段,『星空凛』のメイン使用回数3000回
4,,凛推し☆4段,『星空凛』のメイン使用回数4000回
5,,,
6,,,
7,,,
8,,,
9,,,
10,,,
11,,,
12,,,
13,,,
14,,,
15,,,
1,58ページ目,,
2,,,
3,,真姫推し☆初心者,『西木野真姫』のメイン使用回数30回
4,,真姫推し☆初級,『西木野真姫』のメイン使用回数50回
5,,真姫推し☆9級,『西木野真姫』のメイン使用回数110回
6,,真姫推し☆8級,『西木野真姫』のメイン使用回数130回
7,,真姫推し☆7級,『西木野真姫』のメイン使用回数150回
8,,真姫推し☆6級,『西木野真姫』のメイン使用回数280回
9,,真姫推し☆5級,『西木野真姫』のメイン使用回数340回
10,,真姫推し☆4級,『西木野真姫』のメイン使用回数400回
11,,真姫推し☆3級,『西木野真姫』のメイン使用回数500回
12,,真姫推し☆2級,『西木野真姫』のメイン使用回数600回
13,,真姫推し☆準1級,『西木野真姫』のメイン使用回数650回
14,,真姫推し☆1級,『西木野真姫』のメイン使用回数1000回
15,,真姫推し☆準初段,『西木野真姫』のメイン使用回数2100回
1,59ページ目,真姫推し☆初段,『西木野真姫』のメイン使用回数2400回
2,,真姫推し☆2段,『西木野真姫』のメイン使用回数2700回
3,,真姫推し☆3段,『西木野真姫』のメイン使用回数3000回
4,,真姫推し☆4段,『西木野真姫』のメイン使用回数4000回
5,,,
6,,,
7,,,
8,,,
9,,,
10,,,
11,,,
12,,,
13,,,
14,,,
15,,,
1,60ページ目,,
2,,,
3,,希推し☆初心者,『東條希』のメイン使用回数30回
4,,希推し☆初級,『東條希』のメイン使用回数50回
5,,希推し☆9級,『東條希』のメイン使用回数110回
6,,希推し☆8級,『東條希』のメイン使用回数130回
7,,希推し☆7級,『東條希』のメイン使用回数150回
8,,希推し☆6級,『東條希』のメイン使用回数280回
9,,希推し☆5級,『東條希』のメイン使用回数340回
10,,希推し☆4級,『東條希』のメイン使用回数400回
11,,希推し☆3級,『東條希』のメイン使用回数500回
12,,希推し☆2級,『東條希』のメイン使用回数600回
13,,希推し☆準1級,『東條希』のメイン使用回数650回
14,,希推し☆1級,『東條希』のメイン使用回数1000回
15,,希推し☆準初段,『東條希』のメイン使用回数2100回
1,61ページ目,希推し☆初段,『東條希』のメイン使用回数2400回
2,,希推し☆2段,『東條希』のメイン使用回数2700回
3,,希推し☆3段,『東條希』のメイン使用回数3000回
4,,希推し☆4段,『東條希』のメイン使用回数4000回
5,,,
6,,,
7,,,
8,,,
9,,,
10,,,
11,,,
12,,,
13,,,
14,,,
15,,,
1,62ページ目,,
2,,,
3,,花陽推し☆初心者,『小泉花陽』のメイン使用回数30回
4,,花陽推し☆初級,『小泉花陽』のメイン使用回数50回
5,,花陽推し☆9級,『小泉花陽』のメイン使用回数110回
6,,花陽推し☆8級,『小泉花陽』のメイン使用回数130回
7,,花陽推し☆7級,『小泉花陽』のメイン使用回数150回
8,,花陽推し☆6級,『小泉花陽』のメイン使用回数280回
9,,花陽推し☆5級,『小泉花陽』のメイン使用回数340回
10,,花陽推し☆4級,『小泉花陽』のメイン使用回数400回
11,,花陽推し☆3級,『小泉花陽』のメイン使用回数500回
12,,花陽推し☆2級,『小泉花陽』のメイン使用回数600回
13,,花陽推し☆準1級,『小泉花陽』のメイン使用回数650回
14,,花陽推し☆1級,『小泉花陽』のメイン使用回数1000回
15,,花陽推し☆準初段,『小泉花陽』のメイン使用回数2100回
1,63ページ目,花陽推し☆初段,『小泉花陽』のメイン使用回数2400回
2,,花陽推し☆2段,『小泉花陽』のメイン使用回数2700回
3,,花陽推し☆3段,『小泉花陽』のメイン使用回数3000回
4,,花陽推し☆4段,『小泉花陽』のメイン使用回数4000回
5,,,
6,,,
7,,,
8,,,
9,,,
10,,,
11,,,
12,,,
13,,,
14,,,
15,,,
1,64ページ目,,
2,,,
3,,にこ推し☆初心者,『矢澤にこ』のメイン使用回数30回
4,,にこ推し☆初級,『矢澤にこ』のメイン使用回数50回
5,,にこ推し☆9級,『矢澤にこ』のメイン使用回数110回
6,,にこ推し☆8級,『矢澤にこ』のメイン使用回数130回
7,,にこ推し☆7級,『矢澤にこ』のメイン使用回数150回
8,,にこ推し☆6級,『矢澤にこ』のメイン使用回数280回
9,,にこ推し☆5級,『矢澤にこ』のメイン使用回数340回
10,,にこ推し☆4級,『矢澤にこ』のメイン使用回数400回
11,,にこ推し☆3級,『矢澤にこ』のメイン使用回数500回
12,,にこ推し☆2級,『矢澤にこ』のメイン使用回数600回
13,,にこ推し☆準1級,『矢澤にこ』のメイン使用回数650回
14,,にこ推し☆1級,『矢澤にこ』のメイン使用回数1000回
15,,にこ推し☆準初段,『矢澤にこ』のメイン使用回数2100回
1,65ページ目,にこ推し☆初段,『矢澤にこ』のメイン使用回数2400回
2,,にこ推し☆2段,『矢澤にこ』のメイン使用回数2700回
3,,にこ推し☆3段,『矢澤にこ』のメイン使用回数3000回
4,,にこ推し☆4段,『矢澤にこ』のメイン使用回数4000回
5,,,
6,,,
7,,,
8,,,
9,,,
10,,,
11,,,
12,,,
13,,,
14,,,
15,,,
1,66ページ目,,
2,,,
3,,μ's応援部Lv1,μ'sのメンバーを揃えてライブを10回クリア
4,,μ's応援部Lv2,μ'sのメンバーを揃えてライブを50回クリア
5,,μ's応援部Lv3,μ'sのメンバーを揃えてライブを100回クリア
6,,μ's応援部Lv4,μ'sのメンバーを揃えてライブを200回クリア
7,,μ's応援部Lv5,μ'sのメンバーを揃えてライブを300回クリア
8,,,
9,,,
10,,,
11,,,
12,,,
13,,,
14,,,
15,,,
1,67ページ目,,
2,,,
3,,,
4,,王道清純派Lv1,Printempsのメンバーを揃えてライブを10回クリア
5,,王道清純派Lv2,Printempsのメンバーを揃えてライブを50回クリア
6,,王道清純派Lv3,Printempsのメンバーを揃えてライブを100回クリア
7,,王道清純派Lv4,Printempsのメンバーを揃えてライブを200回クリア
8,,王道清純派Lv5,Printempsのメンバーを揃えてライブを300回クリア
9,,王道清純派Lv6,Printempsのメンバーを揃えてライブを500回クリア
10,,王道清純派Lv7,Printempsのメンバーを揃えてライブを1000回クリア
11,,王道清純派リーダー,Printempsのメンバーを揃えてライブを3000回クリア
12,,純白元気で天然系Lv1,lily whiteのメンバーを揃えてライブを10回クリア
13,,純白元気で天然系Lv2,lily whiteのメンバーを揃えてライブを50回クリア
14,,純白元気で天然系Lv3,lily whiteのメンバーを揃えてライブを100回クリア
15,,純白元気で天然系Lv4,lily whiteのメンバーを揃えてライブを200回クリア
1,68ページ目,純白元気で天然系Lv5,lily whiteのメンバーを揃えてライブを300回クリア
2,,純白元気で天然系Lv6,lily whiteのメンバーを揃えてライブを500回クリア
3,,純白元気で天然系Lv7,lily whiteのメンバーを揃えてライブを1000回クリア
4,,純白元気で天然系リーダー,lily whiteのメンバーを揃えてライブを3000回クリア
5,,華やかモデル系Lv1,BiBiのメンバーを揃えてライブを10回クリア
6,,華やかモデル系Lv2,BiBiのメンバーを揃えてライブを50回クリア
7,,華やかモデル系Lv3,BiBiのメンバーを揃えてライブを100回クリア
8,,華やかモデル系Lv4,BiBiのメンバーを揃えてライブを200回クリア
9,,華やかモデル系Lv5,BiBiのメンバーを揃えてライブを300回クリア
10,,華やかモデル系Lv6,BiBiのメンバーを揃えてライブを500回クリア
11,,華やかモデル系Lv7,BiBiのメンバーを揃えてライブを1000回クリア
12,,華やかモデル系リーダー,BiBiのメンバーを揃えてライブを3000回クリア
13,,お化粧好き,『高坂穂乃果』のメンバーカードを2種類入手
14,,メイクアップアーティスト,『高坂穂乃果』のメンバーカードを3種類入手
15,,スタイリスト,『高坂穂乃果』のメンバーカードを4種類入手
1,69ページ目,コーディネーター,『高坂穂乃果』のメンバーカードを5種類入手
2,,パタンナー,『高坂穂乃果』のメンバーカードを6種類入手
3,,ファッションデザイナー,『高坂穂乃果』のメンバーカードを7種類入手
4,,お化粧好き,『絢瀬絵里』のメンバーカードを2種類入手
5,,メイクアップアーティスト,『絢瀬絵里』のメンバーカードを3種類入手
6,,スタイリスト,『絢瀬絵里』のメンバーカードを4種類入手
7,,コーディネーター,『絢瀬絵里』のメンバーカードを5種類入手
8,,パタンナー,『絢瀬絵里』のメンバーカードを6種類入手
9,,ファッションデザイナー,『絢瀬絵里』のメンバーカードを7種類入手
10,,お化粧好き,『南ことり』のメンバーカードを2種類入手
11,,メイクアップアーティスト,『南ことり』のメンバーカードを3種類入手
12,,スタイリスト,『南ことり』のメンバーカードを4種類入手
13,,コーディネーター,『南ことり』のメンバーカードを5種類入手
14,,パタンナー,『南ことり』のメンバーカードを6種類入手
15,,ファッションデザイナー,『南ことり』のメンバーカードを7種類入手
1,70ページ目,お化粧好き,『園田海未』のメンバーカードを2種類入手
2,,メイクアップアーティスト,『園田海未』のメンバーカードを3種類入手
3,,スタイリスト,『園田海未』のメンバーカードを4種類入手
4,,コーディネーター,『園田海未』のメンバーカードを5種類入手
5,,パタンナー,『園田海未』のメンバーカードを6種類入手
6,,ファッションデザイナー,『園田海未』のメンバーカードを7種類入手
7,,お化粧好き,『星空凛』のメンバーカードを2種類入手
8,,メイクアップアーティスト,『星空凛』のメンバーカードを3種類入手
9,,スタイリスト,『星空凛』のメンバーカードを4種類入手
10,,コーディネーター,『星空凛』のメンバーカードを5種類入手
11,,パタンナー,『星空凛』のメンバーカードを6種類入手
12,,ファッションデザイナー,『星空凛』のメンバーカードを7種類入手
13,,お化粧好き,『西木野真姫』のメンバーカードを2種類入手
14,,メイクアップアーティスト,『西木野真姫』のメンバーカードを3種類入手
15,,スタイリスト,『西木野真姫』のメンバーカードを4種類入手
1,71ページ目,コーディネーター,『西木野真姫』のメンバーカードを5種類入手
2,,パタンナー,『西木野真姫』のメンバーカードを6種類入手
3,,ファッションデザイナー,『西木野真姫』のメンバーカードを7種類入手
4,,お化粧好き,『東條希』のメンバーカードを2種類入手
5,,メイクアップアーティスト,『東條希』のメンバーカードを3種類入手
6,,スタイリスト,『東條希』のメンバーカードを4種類入手
7,,コーディネーター,『東條希』のメンバーカードを5種類入手
8,,パタンナー,『東條希』のメンバーカードを6種類入手
9,,ファッションデザイナー,『東條希』のメンバーカードを7種類入手
10,,お化粧好き,『小泉花陽』のメンバーカードを2種類入手
11,,メイクアップアーティスト,『小泉花陽』のメンバーカードを3種類入手
12,,スタイリスト,『小泉花陽』のメンバーカードを4種類入手
13,,コーディネーター,『小泉花陽』のメンバーカードを5種類入手
14,,パタンナー,『小泉花陽』のメンバーカードを6種類入手
15,,ファッションデザイナー,『小泉花陽』のメンバーカードを7種類入手
1,72ページ目,お化粧好き,『矢澤にこ』のメンバーカードを2種類入手
2,,メイクアップアーティスト,『矢澤にこ』のメンバーカードを3種類入手
3,,スタイリスト,『矢澤にこ』のメンバーカードを4種類入手
4,,コーディネーター,『矢澤にこ』のメンバーカードを5種類入手
5,,パタンナー,『矢澤にこ』のメンバーカードを6種類入手
6,,ファッションデザイナー,『矢澤にこ』のメンバーカードを7種類入手
7,,穂乃果練習中,『高坂穂乃果』のスキルカードを3種類入手
8,,穂乃果特訓中,『高坂穂乃果』のスキルカードを5種類入手
9,,穂乃果猛特訓中,『高坂穂乃果』のスキルカードを7種類入手
10,,,『高坂穂乃果』のスキルカードを8種類入手
11,,絵里練習中,『絢瀬絵里』のスキルカードを3種類入手
12,,絵里特訓中,『絢瀬絵里』のスキルカードを5種類入手
13,,絵里猛特訓中,『絢瀬絵里』のスキルカードを7種類入手
14,,絵里の演出は任せて,『絢瀬絵里』のスキルカードを8種類入手
15,,ことり練習中,『南ことり』のスキルカードを3種類入手
1,73ページ目,ことり特訓中,『南ことり』のスキルカードを5種類入手
2,,ことり猛特訓中,『南ことり』のスキルカードを7種類入手
3,,ことりの演出は任せて,『南ことり』のスキルカードを8種類入手
4,,海未練習中,『園田海未』のスキルカードを3種類入手
5,,海未特訓中,『園田海未』のスキルカードを5種類入手
6,,海未猛特訓中,『園田海未』のスキルカードを7種類入手
7,,海未の演出は任せて,『園田海未』のスキルカードを8種類入手
8,,凛練習中,『星空凛』のスキルカードを3種類入手
9,,凛特訓中,『星空凛』のスキルカードを5種類入手
10,,凛猛特訓中,『星空凛』のスキルカードを7種類入手
11,,凛の演出は任せて,『星空凛』のスキルカードを8種類入手
12,,真姫練習中,『西木野真姫』のスキルカードを3種類入手
13,,真姫特訓中,『西木野真姫』のスキルカードを5種類入手
14,,真姫猛特訓中,『西木野真姫』のスキルカードを7種類入手
15,,,『西木野真姫』のスキルカードを8種類入手
1,74ページ目,希練習中,『東條希』のスキルカードを3種類入手
2,,希特訓中,『東條希』のスキルカードを5種類入手
3,,希猛特訓中,『東條希』のスキルカードを7種類入手
4,,希の演出は任せて,『東條希』のスキルカードを8種類入手
5,,花陽練習中,『小泉花陽』のスキルカードを3種類入手
6,,花陽特訓中,『小泉花陽』のスキルカードを5種類入手
7,,花陽猛特訓中,『小泉花陽』のスキルカードを7種類入手
8,,花陽の演出は任せて,『小泉花陽』のスキルカードを8種類入手
9,,にこ練習中,『矢澤にこ』のスキルカードを3種類入手
10,,にこ特訓中,『矢澤にこ』のスキルカードを5種類入手
11,,にこ猛特訓中,『矢澤にこ』のスキルカードを7種類入手
12,,,『矢澤にこ』のスキルカードを8種類入手
13,,,
14,,トリプルワン,リザルトで111コンボ
15,,トリプルツー,リザルトで222コンボ
1,75ページ目,トリプルスリー,リザルトで333コンボ
2,,トリプルフォー,リザルトで444コンボ
3,,トリプルファイブ,リザルトで555コンボ
4,,トリプルシックス,リザルトで666コンボ
5,,トリプルセブン,リザルトで777コンボ
6,,相性バッチリコンビ,協力プレイ（2人）で全員同じコンボ数でライブクリアする
7,,相性バッチリトリオ,協力プレイ（3人）で全員同じコンボ数でライブクリアする
8,,いつも一緒です♪,2人協力プレイで2人ともフルコンボを達成
9,,幼馴染3人組です,3人協力プレイで3人ともフルコンボを達成
10,,ユニットコンボ2300,協力コンボで2300コンボを達成
11,,,
12,,,
13,,緊張しなくてもへーき！,9枚以上撮影可能で1枚しか撮影しなかった
14,,みんな集まってー！,メンバーガチャを全て引いた
15,,一発必中やね！,ガチャ1回で背景カラーと同色のメンバーのカードを獲得
1,76ページ目,僕らは今のなかで,『僕らは今のなかで』衣装を着て『僕らは今のなかで』をプレイ
2,,それは僕たちの奇跡,『それは僕たちの奇跡』衣装を着て『それは僕たちの奇跡』をプレイ
3,,タカラモノズ,『タカラモノズ』衣装を着て『タカラモノズ』をプレイ
4,,Snow halation,『Snow halation』衣装を着て『Snow halation』をプレイ
5,,これからのSomeday,『これからのSomeday』衣装を着て『これからのSomeday』をプレイ
6,,センターは君だ,μ'sの楽曲でセンターのメンバーを選択してSランク以上でクリア
7,,すごいスコアだ！,『高坂穂乃果』でトータルスコア15万以上
8,,すごいすごいスコアだね！,『高坂穂乃果』でトータルスコア20万以上
9,,最高のスコアを目指そう！,『高坂穂乃果』でトータルスコア25万以上
10,,なかなかのスコアね,『絢瀬絵里』でトータルスコア15万以上
11,,こんなスコア・・・やるわね！,『絢瀬絵里』でトータルスコア20万以上
12,,このスコア！ハラショー！,『絢瀬絵里』でトータルスコア25万以上
13,,スコア高いね～,『南ことり』でトータルスコア15万以上
14,,私じゃ出せないスコアだよ,『南ことり』でトータルスコア20万以上
15,,スコアを忘れちゃダメっ,『南ことり』でトータルスコア25万以上
1,77ページ目,良いスコアと言えます,『園田海未』でトータルスコア15万以上
2,,スコアアタックです！,『園田海未』でトータルスコア20万以上
3,,あなたのスコア撃ち抜くゾ,『園田海未』でトータルスコア25万以上
4,,すっごいスコアだにゃ―,『星空凛』でトータルスコア15万以上
5,,スコア上がるにゃー！,『星空凛』でトータルスコア20万以上
6,,ハイスコア行っくにゃー！,『星空凛』でトータルスコア25万以上
7,,まぁいい感じのスコアね,『西木野真姫』でトータルスコア15万以上
8,,はぁ？なによそのスコア！,『西木野真姫』でトータルスコア20万以上
9,,このスコア意味分かんない,『西木野真姫』でトータルスコア25万以上
10,,スコア高いやん,『東條希』でトータルスコア15万以上
11,,スコアがうちに告げるんや,『東條希』でトータルスコア20万以上
12,,ハイスコアワシワシするよ,『東條希』でトータルスコア25万以上
13,,はわわ、スコアすごいです,『小泉花陽』でトータルスコア15万以上
14,,みんなースコア出したよ！,『小泉花陽』でトータルスコア20万以上
15,,ごはんみたいなスコアです,『小泉花陽』でトータルスコア25万以上
1,78ページ目,ま、まぁまぁのスコアね,『矢澤にこ』でトータルスコア15万以上
2,,ラブにこスコアアタック！,『矢澤にこ』でトータルスコア20万以上
3,,一番のスコアにするわよ！,『矢澤にこ』でトータルスコア25万以上
4,,いつもSランク,1ゲーム常にSランクでクリア
5,,いつもSSランク,1ゲーム常にSSランクでクリア
6,,いつもSSSランク,1ゲーム常にSSSランクでクリア
7,,実力だけでカバーするわ,テクニカルスコアのみでSSSを取る
8,,わたし、頑張ったよ,1ゲーム中の全ての判定を「GREAT」以上でクリア
9,,努力の結果ね,1ゲーム中の全ての判定を「PERFECT」以上でクリア
10,,,
11,,星のかけら,ビジュアルリズムアイコンを合計で200回成功させた
12,,,
13,,星の片割れ,ビジュアルリズムアイコンを合計で750回成功させた
14,,,
15,,キラキラ星,ビジュアルリズムアイコンを合計で1500回成功させた
1,79ページ目,,
2,,流星,ビジュアルリズムアイコンを合計で4000回成功させた
3,,流星群,ビジュアルリズムアイコンを合計で6000回成功させた
4,,満開の星の川,ビジュアルリズムアイコンを合計で8000回成功させた
5,,夜空いっぱいの星たち,ビジュアルリズムアイコンを合計で10000回成功させた
6,,,
7,,,
8,,,
9,,,
10,,,
11,,,
12,,スターキャッチャー16,ビジュアルリズムアイコンを1回のライブ中に16回以上成功
13,,スターキャッチャー20,ビジュアルリズムアイコンを1回のライブ中に20回以上成功
14,,スターキャッチャー24,ビジュアルリズムアイコンを1回のライブ中に24回以上成功
15,,将来は大金持ちよ！,レアビジュアルリズムアイコンを成功させた
1,80ページ目,ライブの思い出,ライブ履歴の撮影可能枚数を7枚以上にした
2,,最高のライブの記憶,ライブ履歴の撮影可能枚数を8枚以上にした
3,,伝説のライブのメモリー,ライブ履歴の撮影可能枚数を9枚以上にした
4,,助け合うのは大事だね！,協力プレイで他人が自分のプロフィールカードを使う
5,,うっかりやさんだ！,自分のプロフィールカードを読み込む
6,,,
7,,,
8,,,
9,,,
10,,,
11,,,
12,,,
13,,,
14,,,
15,,,
1,81ページ目,スクフェスやってます♪,スクフェスと連動
2,,伝説のスクールアイドル(黄),第1回スコアランキングバトル HARD部門TOP50
3,,カリスマスクールアイドル(黄),第1回スコアランキングバトル HARD部門TOP100
4,,実力派スクールアイドル(黄),第1回スコアランキングバトル HARD部門TOP500
5,,注目のスクールアイドル(黄),第1回スコアランキングバトル HARD部門TOP1000
6,,期待のスクールアイドル(黄),第1回スコアランキングバトル HARD部門TOP3000
7,,新人スクールアイドル(黄),第1回スコアランキングバトル HARD部門参加賞
8,,,
9,,伝説のスクールアイドル(赤),第1回スコアランキングバトル EXTREME部門TOP50
10,,カリスマスクールアイドル(赤),第1回スコアランキングバトル EXTREME部門TOP100
11,,実力派スクールアイドル(赤),第1回スコアランキングバトル EXTREME部門TOP500
12,,注目のスクールアイドル(赤),第1回スコアランキングバトル EXTREME部門TOP1000
13,,期待のスクールアイドル(赤),第1回スコアランキングバトル EXTREME部門TOP3000
14,,新人スクールアイドル(赤),第1回スコアランキングバトル EXTREME部門参加賞
15,,,
1,82ページ目,伝説のスクールアイドル(紫),第1回スコアランキングバトル CHALLENGE部門TOP50
2,,カリスマスクールアイドル(紫),第1回スコアランキングバトル CHALLENGE部門TOP100
3,,実力派スクールアイドル(紫),第1回スコアランキングバトル CHALLENGE部門TOP500
4,,注目のスクールアイドル(紫),第1回スコアランキングバトル CHALLENGE部門TOP1000
5,,期待のスクールアイドル(紫),第1回スコアランキングバトル CHALLENGE部門TOP3000
6,,新人スクールアイドル(紫),第1回スコアランキングバトル CHALLENGE部門参加賞
7,,,
8,,,
9,,,
10,,,
11,,,
12,,,
13,,,
14,,,
15,,,
1,83ページ目,,
2,,,
3,,,
4,,,
5,,,
6,,,
7,,,
8,,,
9,,,
10,,,
11,,,
12,,,
13,,,
14,,,
15,,,
1,84ページ目,,
2,,,
3,,,
4,,,
5,,,
6,,,
7,,,
8,,,
9,,,
10,,,
11,,,
12,,,
13,,,
14,,,
15,,,
1,85ページ目,,
2,,,
3,,,
4,,,
5,,,
6,,,
7,,,
8,,,
9,,,
10,,,
11,,,
12,,,
13,,,
14,,,
15,,,
1,86ページ目,,
2,,,
3,,,
4,,,
5,,,
6,,,
7,,,
8,,,
9,,,
10,,,
11,,,
12,,,
13,,,
14,,,
15,,,
1,87ページ目,,
2,,,
3,,,
4,,,
5,,,
6,,,
7,,,
8,,,
9,,,
10,,,
11,,,
12,,,
13,,,
14,,,
15,,,
1,88ページ目,,
2,,,
3,,,
4,,,
5,,,
6,,,
7,,,
8,,,
9,,,
10,,,
11,,,
12,,,
13,,,
14,,,
15,,,
1,89ページ目,,
2,,,
3,,,
4,,,
5,,,
6,,,
7,,,
8,,,
9,,,
10,,,
11,,,
12,,,
13,,,
14,,,
15,,,
1,90ページ目,,
2,,,
3,,,
4,,,
5,,,
6,,,
7,,,
8,,,
9,,,
10,,,
11,,,
12,,,
13,,,
14,,,
15,,,
1,91ページ目,,
2,,,
3,,,
4,,,
5,,,
6,,,
7,,,
8,,,
9,,,
10,,,
11,,,
12,,,
13,,,
14,,,
15,,,
1,92ページ目,,
2,,,
3,,,
4,,,
5,,,
6,,,
7,,,
8,,,
9,,,
10,,,
11,,,
12,,,
13,,,
14,,,
15,,,
1,93ページ目,,
2,,,
3,,,
4,,,
5,,,
6,,,
7,,,
8,,,
9,,,
10,,,
11,,,
12,,,
13,,,
14,,,
15,,,
1,94ページ目,,
2,,,
3,,,
4,,,
5,,,
6,,,
7,,,
8,,,
9,,,
10,,,
11,,,
12,,,
13,,,
14,,,
15,,,